1 : http://undergrad.osu.edu/visit/index.html
2 : http://undergrad.osu.edu/money-matters/money-management.html
3 : http://undergrad.osu.edu/admissions/quick-facts.html
4 : http://undergrad.osu.edu/money-matters/scholarships.html
5 : http://undergrad.osu.edu/money-matters/financial-aid.html
6 : http://undergrad.osu.edu/money-matters/doing-business-buckeye-style.html
7 : http://newark.osu.edu/
8 : https://engineering.osu.edu/
9 : https://engineering.osu.edu/research/research-centers
10 : https://engineering.osu.edu/events/2016/03/knowlton-school-career-day
11 : https://engineering.osu.edu/events/2016/02/hayes-graduate-research-forum
12 : https://engineering.osu.edu/news/2016/01/college-mourns-passing-distinguished-alumni-biomedical-innovator-larry-hench
13 : https://engineering.osu.edu/news/2016/01/two-engineering-faculty-receive-nsf-career-awards
14 : https://engineering.osu.edu/stayconnected
15 : https://engineering.osu.edu/osu/siteinfo/privacy
16 : https://engineering.osu.edu/news/2015/11/ohio-state-pilot-6.8-million-initiative-accelerate-manufacturing-innovation
17 : https://engineering.osu.edu/news/2015/10/making-cars-future-stronger-and-lighter-while-using-less-energy
18 : https://engineering.osu.edu/alumni/alumni-associations
19 : https://engineering.osu.edu/news/2016/02/designing-energy-optimal-robotic-prostheses-using-computer-simulations
20 : https://engineering.osu.edu/news/2015/11/board-trustees-approves-creation-department-engineering-education
21 : https://engineering.osu.edu/news/2015/12/top-15-stories-2015
22 : https://engineering.osu.edu/outreach/humanitarian-engineering
23 : https://engineering.osu.edu/ostep
24 : http://osumarion.osu.edu/
25 : https://engineering.osu.edu/alumni
26 : https://engineering.osu.edu/programs/k-12
27 : https://engineering.osu.edu/academics/ohio-state-university-airport-0
28 : https://engineering.osu.edu/materials
29 : https://engineering.osu.edu/engineeringhealthcare
30 : https://www.osu.edu/giving/areas-to-support/units/college-of-engineering.html
31 : https://engineering.osu.edu/chemical
32 : https://engineering.osu.edu/electrical
33 : https://engineering.osu.edu/research/industry-liaison-office
34 : http://ati.osu.edu/
35 : https://engineering.osu.edu/programs/minority-engineering-program
36 : https://engineering.osu.edu/graduate/welding
37 : https://engineering.osu.edu/graduate/chemical
38 : https://engineering.osu.edu/graduate/ise
39 : https://engineering.osu.edu/fabe
40 : https://engineering.osu.edu/students/graduate-students/business-logistics
41 : https://gpadmissions.osu.edu/help/contact-us.html
42 : https://engineering.osu.edu/graduate/civil
43 : https://gpadmissions.osu.edu/intl/health-insurance.html
44 : https://engineering.osu.edu/graduate/architecture
45 : https://engineering.osu.edu/graduate/admissions
46 : https://engineering.osu.edu/students/undergraduate-students/get-involved
47 : https://gpadmissions.osu.edu/faq/
48 : https://engineering.osu.edu/graduate/computer
49 : https://engineering.osu.edu/academics/engineering-scholarships
50 : https://gpadmissions.osu.edu/intl/financial-review.html
51 : https://engineering.osu.edu/academics/majors
52 : https://engineering.osu.edu/academics/minors
53 : https://engineering.osu.edu/computerscience
54 : https://engineering.osu.edu/students/undergraduate
55 : https://gpadmissions.osu.edu/intl/requirements.html
56 : https://engineering.osu.edu/students/undergraduate-students/global-option-engineering
57 : https://gpadmissions.osu.edu/prof/prepare.html
58 : https://gpadmissions.osu.edu/programs/program.aspx?prog=0231
59 : https://engineering.osu.edu/honors
60 : https://gpadmissions.osu.edu/programs/program.aspx?prog=0249
61 : https://engineering.osu.edu/undergraduate/research
62 : https://gpadmissions.osu.edu/grad/admissions.html
63 : https://gpadmissions.osu.edu/index.html
64 : https://engineering.osu.edu/futurestudents
65 : https://engineering.osu.edu/graduate/aerospace
66 : https://gpadmissions.osu.edu/programs/program.aspx?prog=0242
67 : https://engineering.osu.edu/about/media-contacts
68 : https://engineering.osu.edu/events
69 : https://engineering.osu.edu/about/athletics-engineered-videos
70 : https://engineering.osu.edu/students/undergraduate-students/scholarships/incoming-freshmen
71 : https://engineering.osu.edu/academics/college-coursework-high-school
72 : https://engineering.osu.edu/accreditation/welding
73 : https://engineering.osu.edu/students
74 : https://engineering.osu.edu/news
75 : https://gpadmissions.osu.edu/
76 : https://engineering.osu.edu/strategic-plan
77 : http://www.gradsch.osu.edu/
78 : https://engineering.osu.edu/departments
79 : https://engineering.osu.edu/accreditation/environmental
80 : http://hscounselors.osu.edu/
81 : https://engineering.osu.edu/accreditation/mechanical
82 : http://orientation.osu.edu/
83 : http://undergrad.osu.edu/contact-us/index.html
84 : https://engineering.osu.edu/economic-development
85 : http://viewbook.osu.edu/
86 : http://undergrad.osu.edu/admissions/transfer/enrollment-criteria.html
87 : http://parent.osu.edu/
88 : http://undergrad.osu.edu/visit/columbus-campus.html
89 : https://ileansigma.osu.edu/how-engage-program
90 : http://undergrad.osu.edu/parents-and-families/FAQ.html
91 : https://engineering.osu.edu/about/dean
92 : http://veterans.osu.edu
93 : https://ecs.osu.edu/employers-0
94 : http://undergrad.osu.edu/admissions/transfer/index.html?expandable=1
95 : http://undergrad.osu.edu/majors/search.aspx
96 : http://undergrad.osu.edu/index.html
97 : https://engineering.osu.edu/inthenews
98 : http://undergrad.osu.edu/academics/colleges-and-schools.html
99 : http://undergrad.osu.edu/academics/field-experience.html
100 : https://www.osu.edu/map/google.php
101 : http://undergrad.osu.edu/buckeyes_blog/
102 : https://www.osu.edu/findpeople/
103 : https://mgel.osu.edu/
104 : https://www.osu.edu/help.php
105 : https://professionals.engineering.osu.edu/online-courses
106 : http://undergrad.osu.edu/academics/college-classroom.html
107 : https://ece.osu.edu/news/2016/01/ece-alumnae-make-harris-10-under-10-list
108 : https://cse.osu.edu/department/annual-reports
109 : https://ece.osu.edu/news/2016/01/altera-corp.-supports-ece-sophomore-experience-lab
110 : https://ece.osu.edu/news/2016/02/alumna-named-prestigious-nae-membership
111 : https://ece.osu.edu/osu/siteinfo/privacy
112 : https://ece.osu.edu/events/2016/03/ieee-grads-discuss-h1b-and-work-based-immigration
113 : https://ece.osu.edu/news/2015/06/ohio-state-and-new-horizons-mission-pluto
114 : https://ece.osu.edu/news/2016/01/passino-joins-prestigious-fulbright-specialist-roster
115 : https://ece.osu.edu/news/2015/12/cell-cell-curing-cancer-nanoscale
116 : https://ece.osu.edu/events/2016/03/makeathon-2016
117 : https://ece.osu.edu/ece-weekly-newsletter
118 : https://ece.osu.edu/news/2016/02/makeathon-2016
119 : https://ece.osu.edu/alumni/support/program
120 : https://ece.osu.edu/alumni/spotlight
121 : https://ece.osu.edu/alumni/support/scholarships
122 : https://ece.osu.edu/alumni-friends/alumni-meet-group
123 : https://ece.osu.edu/news/2015/12/journey-antarctica-measuring-ice-sheet-temperatures-space
124 : https://ece.osu.edu/research-0
125 : https://ece.osu.edu/faculty-research/current-research
126 : https://ece.osu.edu/news/2016/02/nsf-grant-keeps-brillsons-microelectronic-research-going-strong
127 : https://ece.osu.edu/alumni/support
128 : https://ece.osu.edu/alumni-friends/what-does-campaign-mean-ece-alumni
129 : https://ece.osu.edu/faculty-research/multi-university-research-initiatives-muris
130 : https://ece.osu.edu/current-students/student-life-2
131 : https://ece.osu.edu/currentstudents/courses/placementtest
132 : https://ece.osu.edu/alumni/society/membership
133 : https://ece.osu.edu/currentstudents/courses/syllabi
134 : https://ece.osu.edu/currentstudents/courses/materials
135 : https://ece.osu.edu/alumni/society/about
136 : https://ece.osu.edu/currentstudents/graduate/degrees
137 : https://ece.osu.edu/currentstudents/undergrad/support
138 : https://ece.osu.edu/currentstudents/q2s
139 : https://ece.osu.edu/current-students/sophomore-experience
140 : https://ece.osu.edu/currentstudents/undergrad/bsms
141 : https://ece.osu.edu/currentstudents/undergrad/forms
142 : https://ece.osu.edu/currentstudents/undergrad/curriculumrequirements
143 : https://ece.osu.edu/ece-peer-mentors
144 : https://ece.osu.edu/future-students/student-life
145 : https://ece.osu.edu/future-students/about-columbus
146 : https://ece.osu.edu/futurestudents/osu
147 : https://ece.osu.edu/futurestudents/visit
148 : https://ece.osu.edu/futurestudents/graduate/forms
149 : https://cse.osu.edu/osu/siteinfo/privacy
150 : https://ece.osu.edu/futurestudents/graduate/contact
151 : https://ece.osu.edu/futurestudents/graduate/aid
152 : https://ece.osu.edu/futurestudents/graduate
153 : https://ece.osu.edu/futurestudents/undergrad/accreditation
154 : https://ece.osu.edu/futurestudents/graduate/admission
155 : https://ece.osu.edu/futurestudents/graduate/degrees
156 : https://cse.osu.edu/osu/siteinfo/accessibility
157 : https://ece.osu.edu/futurestudents/graduate/advisors
158 : https://ece.osu.edu/futurestudents/undergrad/admissions
159 : https://ece.osu.edu/futurestudents/undergrad/transfer
160 : https://ece.osu.edu/futurestudents/graduate/bsms
161 : https://cse.osu.edu/news/2015/07/davis-innovation-recognized
162 : https://ece.osu.edu/computing-resources/software-packages
163 : https://ece.osu.edu/computing-resources/security-policies
164 : https://cse.osu.edu/alumni-friends/alumni-form
165 : https://my.osu.edu/
166 : https://cse.osu.edu/news/2015/10/parthasarathy-team-receives-funds-disaster-recovery-research
167 : https://www.giveto.osu.edu/makeagift/OnlineGivingDonation.aspx?fund=306284
168 : https://cse.osu.edu/events/2016/02/faculty-candidate-gang-wang
169 : https://cse.osu.edu/news/2015/08/researcher-receives-google-award
170 : https://ece.osu.edu/computing-resources/networking-policies
171 : https://ece.osu.edu/futurestudents/undergrad/options
172 : https://cse.osu.edu/computing-services/resources/software
173 : https://cse.osu.edu/computing-services/resources/timesheet
174 : https://ece.osu.edu/computing-resources/student-account-policies
175 : https://cse.osu.edu/computing-services/security
176 : https://ece.osu.edu/futurestudents/graduate/application
177 : https://cse.osu.edu/computing-services/resources/equipment-checkout
178 : https://cse.osu.edu/computing-services/security/room-locks
179 : https://ece.osu.edu/about/board
180 : https://cse.osu.edu/computing-services/resources/remote-access
181 : https://ece.osu.edu/about-us/department-5-year-strategic-plan
182 : https://cse.osu.edu/computing-services/resources/personal-web-space
183 : https://cse.osu.edu/computing-services/resources
184 : https://ece.osu.edu/about/ataglance
185 : https://cse.osu.edu/computing-services/research-support/file-storage-space-access
186 : https://ece.osu.edu/directory/categories/type/staff
187 : https://cse.osu.edu/computing-services/research-support/instructional-access
188 : https://cse.osu.edu/computing-services/getting-help/policies
189 : https://cse.osu.edu/computing-services/getting-help/faq
190 : https://cse.osu.edu/computing-services/employment/student-opportunities
191 : https://cse.osu.edu/computing-services/research-support/equipment-purchasesetup
192 : https://ece.osu.edu/
193 : https://cse.osu.edu/computing-services/computing-labs/reserving-lab
194 : https://cse.osu.edu/computing-services/employment
195 : https://cse.osu.edu/research/recursive-function-theory
196 : https://cse.osu.edu/research/random-structures-algorithms
197 : https://cse.osu.edu/research/computer-architecture
198 : https://cse.osu.edu/computing-services/computing-labs
199 : https://cse.osu.edu/research/computational-learning-theory
200 : https://cse.osu.edu/research/technical-reports
201 : https://cse.osu.edu/computing-services/computing-labs/rules-policies
202 : https://cse.osu.edu/research/software-systems
203 : https://cse.osu.edu/research/cryptography-security
204 : https://cse.osu.edu/research/systems
205 : https://cse.osu.edu/research/social-networks
206 : https://cse.osu.edu/research/network-security
207 : https://cse.osu.edu/research/auditory-speech-language-processing
208 : https://cse.osu.edu/research/computer-vision
209 : https://cse.osu.edu/research/artificial-intelligence
210 : https://cse.osu.edu/current-students/student-web-sites/graduate
211 : https://cse.osu.edu/graduate/graduate-minor
212 : https://cse.osu.edu/current-students/master-science-program
213 : https://cse.osu.edu/current-students/student-web-sites/undergraduate
214 : https://cse.osu.edu/current-students/undergraduate/undergrad-research
215 : https://cse.osu.edu/current-students/undergraduate/scholarships
216 : https://cse.osu.edu/current-students/undergraduate
217 : https://cse.osu.edu/current-students/undergraduate/faqs
218 : https://cse.osu.edu/current-students/undergraduate/courses
219 : https://cse.osu.edu/current-students/undergraduate/co-opsinternshipsjobs
220 : https://cse.osu.edu/current-students/undergraduate/honors-programs
221 : https://cse.osu.edu/prospective-students/csecis-placement-exam
222 : https://cse.osu.edu/current-students/undergraduate/majors
223 : https://cse.osu.edu/current-students/undergraduate/advising-office
224 : https://cse.osu.edu/prospective-students
225 : https://cse.osu.edu/department/osu-community
226 : https://cse.osu.edu/faqs
227 : https://cse.osu.edu/department/award-nominations
228 : https://cse.osu.edu/department/diversity-programs
229 : https://email.osu.edu/
230 : https://cse.osu.edu/department/faculty-recruiting
231 : https://cse.osu.edu/news
232 : https://cse.osu.edu/department/diversity-programs/mentoring
233 : https://cse.osu.edu/department/visitors
234 : https://cse.osu.edu/current-students/old-undergrad-pages
235 : https://email.osu.edu/
236 : https://www.osu.edu/help.php
237 : https://cse.osu.edu/current-students/undergraduate/minors
238 : https://www.osu.edu/map/google.php
239 : https://cse.osu.edu/current-students/undergraduate/employers
240 : https://cse.osu.edu/about-us/administrative-contacts
241 : https://cse.osu.edu/osu/siteinfo/help
242 : https://cse.osu.edu/about-us/researchers
243 : https://cse.osu.edu/current-students/undergraduate/ug-studies-committee
244 : https://cse.osu.edu/department
245 : https://www.osu.edu/findpeople/
246 : https://cse.osu.edu/about-us/faculty
247 : https://cse.osu.edu/
248 : https://cse.osu.edu/directory
249 : https://cse.osu.edu/osu/siteinfo/privacy
250 : https://cse.osu.edu/osu/siteinfo/accessibility
251 : https://cse.osu.edu/about-us/staff
252 : https://engineering.osu.edu/
253 : https://cse.osu.edu/current-students/undergraduate/enrollment-limits
254 : http://undergrad.osu.edu/
255 : https://cse.osu.edu/current-students/undergraduate/other-info-majors
256 : https://cse.osu.edu/prospective-students/undergraduate/transfer-studentcredits
257 : https://cse.osu.edu/computing-services/security/room-locks
258 : https://cse.osu.edu/computing-services/security/ccss-certification
259 : https://cse.osu.edu/computing-services/security/building-access
260 : https://my.osu.edu/
261 : https://cse.osu.edu/computing-services/system-status
262 : https://cse.osu.edu/computing-services/resources/software
263 : https://cse.osu.edu/computing-services/resources/wireless
264 : https://ocio.osu.edu/itsecurity/buckeyesecure
265 : https://www.giveto.osu.edu/makeagift/OnlineGivingDonation.aspx?fund=306284
266 : https://cse.osu.edu/alumni-friends/alumni-form
267 : https://cse.osu.edu/current-students/undergraduate/faculty-advisors
268 : https://cse.osu.edu/computing-services/resources/equipment-checkout
269 : https://cse.osu.edu/computing-services/resources/remote-access
270 : https://cse.osu.edu/computing-services/resources/timesheet
271 : https://cse.osu.edu/department/giving
272 : https://cse.osu.edu/computing-services/resources/personal-web-space
273 : https://cse.osu.edu/computing-services/resources/poster-printing
274 : https://cse.osu.edu/computing-services/resources/database-server
275 : https://cse.osu.edu/computing-services/resources/backups-restores
276 : https://cse.osu.edu/computing-services/research-support/research-data-center
277 : https://cse.osu.edu/computing-services/resources/accounts
278 : https://cse.osu.edu/computing-services/research-support/file-storage-space-access
279 : https://cse.osu.edu/computing-services/resources
280 : https://cse.osu.edu/computing-services/resources/email
281 : https://cse.osu.edu/computing-services/research-support/network-access
282 : https://cse.osu.edu/computing-services/resources/msdnaa
283 : https://cse.osu.edu/computing-services/research-support/equipment-purchasesetup
284 : https://cse.osu.edu/computing-services/resources/course-management-crconfig
285 : https://webauth.service.ohio-state.edu/idp/profile/SAML2/Redirect/SSO?execution=e1s1
286 : https://cse.osu.edu/computing-services/research-support/instructional-access
287 : https://cse.osu.edu/computing-services/getting-help/faq
288 : https://cse.osu.edu/computing-services/getting-help/policies
289 : https://cse.osu.edu/computing-services/research-support/printing
290 : https://cse.osu.edu/computing-services/employment/full-time-opportunities
291 : https://cse.osu.edu/computing-services/resources/printers-printing
292 : https://cse.osu.edu/computing-services/getting-help
293 : https://cse.osu.edu/computing-services/computing-labs/rules-policies
294 : https://cse.osu.edu/computing-services/employment
295 : https://cse.osu.edu/computing-services/computing-labs/locations-hours
296 : https://cse.osu.edu/research/metric-embedding-metric-geometry
297 : https://cse.osu.edu/computing-services
298 : https://cse.osu.edu/research/random-structures-algorithms
299 : https://cse.osu.edu/research/graph-algorithms
300 : https://cse.osu.edu/research/cryptography-security
301 : https://cse.osu.edu/computing-services/computing-labs/reserving-lab
302 : https://cse.osu.edu/computing-services/computing-labs
303 : https://cse.osu.edu/research/computational-topology
304 : https://cse.osu.edu/computing-services/employment/student-opportunities
305 : https://cse.osu.edu/research/theory-algorithms
306 : https://cse.osu.edu/computing-services/contact
307 : https://cse.osu.edu/research/software-systems
308 : https://cse.osu.edu/research/recursive-function-theory
309 : https://cse.osu.edu/research/systems
310 : https://cse.osu.edu/research/technical-reports
311 : https://cse.osu.edu/research/software-engineering-programming-languages
312 : https://cse.osu.edu/research/high-performance-computing
313 : https://cse.osu.edu/research/distributed-computing
314 : https://cse.osu.edu/research/computational-geometry
315 : https://cse.osu.edu/research/computational-learning-theory
316 : https://cse.osu.edu/research/cyber-physical-systems
317 : https://cse.osu.edu/research/computer-architecture
318 : https://cse.osu.edu/research/network-security
319 : https://cse.osu.edu/research/visualization
320 : https://cse.osu.edu/research/networking-distributed-computing
321 : https://cse.osu.edu/computing-services/research-support
322 : https://cse.osu.edu/research/computational-biology
323 : https://cse.osu.edu/research/animation
324 : https://cse.osu.edu/games-virtual-environment
325 : https://cse.osu.edu/research/wireless-networking
326 : https://cse.osu.edu/research/cognitive-systems
327 : https://cse.osu.edu/research/social-networks
328 : https://cse.osu.edu/research/computer-graphics
329 : https://cse.osu.edu/research/auditory-speech-language-processing
330 : https://cse.osu.edu/current-students/student-web-sites/graduate
331 : https://cse.osu.edu/research
332 : https://cse.osu.edu/current-students/student-web-sites
333 : https://cse.osu.edu/research/geometric-processing
334 : https://cse.osu.edu/research/computer-vision
335 : https://cse.osu.edu/research/machine-learning-algorithms-theory
336 : https://cse.osu.edu/current-students/student-web-sites/undergraduate
337 : https://cse.osu.edu/current-students/graduate-student-forms
338 : https://cse.osu.edu/graduate/fellowship-financial-aid
339 : https://cse.osu.edu/research/applied-machine-learning
340 : https://cse.osu.edu/graduate/joint-program
341 : https://cse.osu.edu/research/artificial-intelligence
342 : https://cse.osu.edu/research/data-management-mining
343 : https://cse.osu.edu/current-students/undergraduate/scholarships
344 : https://cse.osu.edu/current-students/undergraduate/faqs
345 : https://cse.osu.edu/current-students/undergraduate/co-opsinternshipsjobs
346 : https://cse.osu.edu/graduate/graduate-minor
347 : https://cse.osu.edu/current-students/undergraduate/ready-graduate
348 : https://cse.osu.edu/current-students/student-resources
349 : https://cse.osu.edu/current-students/undergraduate/it-entrepreneurship
350 : https://cse.osu.edu/current-students/undergraduate
351 : https://cse.osu.edu/graduate/phd-program
352 : https://cse.osu.edu/current-students/undergraduate/advising-office
353 : https://cse.osu.edu/current-students/undergraduate/undergrad-research
354 : https://cse.osu.edu/current-students/master-science-program
355 : https://cse.osu.edu/current-students
356 : https://cse.osu.edu/prospective-students/csecis-placement-exam
357 : https://cse.osu.edu/graduate
358 : https://cse.osu.edu/faqs
359 : https://cse.osu.edu/current-students/undergraduate/semester-conversion
360 : https://cse.osu.edu/prospective-students/undergraduate/admissions
361 : https://cse.osu.edu/prospective-students/undergrad
362 : https://cse.osu.edu/current-students/undergraduate/honors-programs
363 : https://cse.osu.edu/current-students/undergraduate/courses
364 : https://cse.osu.edu/prospective-students
365 : https://cse.osu.edu/department/map-directions
366 : https://cse.osu.edu/current-students/undergraduate/student-organizations
367 : https://cse.osu.edu/prospective-students/cse-graduate-admissions
368 : https://cse.osu.edu/department/osu-community
369 : https://cse.osu.edu/department/industry-collaborations
370 : https://cse.osu.edu/about-us/award-nominations
371 : https://cse.osu.edu/department/visitors
372 : https://cse.osu.edu/current-students/undergraduate/majors
373 : https://cse.osu.edu/department/industrial-advisory-board
374 : https://cse.osu.edu/department/annual-reports
375 : https://cse.osu.edu/department/awards-honors/alumni-awards
376 : https://cse.osu.edu/prospective-students/graduate
377 : https://cse.osu.edu/department/courses/course-archive
378 : https://webauth.service.ohio-state.edu/idp/profile/SAML2/Redirect/SSO?execution=e2s1
379 : https://cse.osu.edu/department/awards-honors/faculty-awards
380 : https://cse.osu.edu/department/courses/course-schedule
381 : https://cse.osu.edu/department/diversity-programs
382 : https://cse.osu.edu/faculty-staff/faculty-advisors
383 : https://cse.osu.edu/news
384 : https://cse.osu.edu/content/archived-news
385 : https://cse.osu.edu/department/diversity-programs/mentoring
386 : http://coe-portal.cse.ohio-state.edu/pdf-exports/CSE/
387 : https://cse.osu.edu/department/cse_connects
388 : https://cse.osu.edu/department/diversity-programs/links
389 : https://hr.osu.edu/benefits/
390 : http://studentlife.osu.edu/
391 : http://dining.osu.edu/wellness/ask-the-dietitian/
392 : http://dining.osu.edu/articles/urds/52
393 : http://housing.osu.edu/living-on-campus/fees-contracts-policies/important-dates1/
394 : https://www.osu.edu/map/google.php
395 : http://slts.osu.edu/support.aspx
396 : http://housing.osu.edu/living-on-campus/
397 : https://www.osu.edu/findpeople/
398 : http://dining.osu.edu/locations/online-ordering/
399 : http://whatsgrowingon.osu.edu/
400 : https://dining.osu.edu/contact-us/
401 : https://dining.osu.edu/locations/limited-time-offers/
402 : https://webauth.service.ohio-state.edu/idp/profile/SAML2/Redirect/SSO?execution=e1s1
403 : https://dining.osu.edu/dining-plans/
404 : http://dining.osu.edu/articles/urds/54
405 : https://dining.osu.edu/hours/
406 : https://dining.osu.edu/wellness/
407 : https://dining.osu.edu/events.aspx
408 : https://dining.osu.edu/
409 : https://dining.osu.edu/locations/
410 : https://dining.osu.edu/jobs/
411 : https://dining.osu.edu/search.aspx
412 : https://dining.osu.edu/articles/urds/55
413 : http://dining.osu.edu/locations/limited-time-offers/
414 : http://dining.osu.edu/hours/
415 : https://dining.osu.edu/buckeyebundles.aspx
416 : https://dining.osu.edu/galleries/
417 : https://dining.osu.edu/people/
418 : https://dining.osu.edu/NetNutrition/1
419 : https://email.osu.edu/
420 : https://osu.az1.qualtrics.com/jfe/form/SV_dnEJ3vtPkN6JNWZ
421 : http://housing.osu.edu/articles/urds/65
422 : https://www.osu.edu/help.php
423 : http://housing.osu.edu/get-involved/
424 : http://housing.osu.edu/well-being/
425 : http://housing.osu.edu/jobs/
426 : http://housing.osu.edu/jobs/ohio-state-welcome-leader-owl/
427 : https://housing.osu.edu/articles/urds/89
428 : http://housing.osu.edu/resources/
429 : http://housing.osu.edu/articles/urds/42
430 : http://housing.osu.edu/search.aspx
431 : http://housing.osu.edu/articles/urds/87
432 : http://housing.osu.edu/
433 : http://housing.osu.edu/mission/
434 : http://housing.osu.edu/learning-communities/
435 : http://housing.osu.edu/people/
436 : https://housing.osu.edu/articles/urds/88
437 : http://housing.osu.edu/articles/
438 : https://en.wikipedia.org/wiki/List_of_largest_United_States_university_campuses_by_enrollment
439 : https://en.wikipedia.org/wiki/Ohio_State_University,_Lima_Campus
440 : https://en.wikipedia.org/wiki/Oak_Ridge_Associated_Universities
441 : https://en.wikipedia.org/wiki/Association_of_American_Universities
442 : https://en.wikipedia.org/wiki/Universitas_21
443 : https://en.wikipedia.org/wiki/Brutus_Buckeye
444 : https://en.wikipedia.org/wiki/Ohio_General_Assembly
445 : https://en.wikipedia.org/wiki/Association_of_Public_and_Land-Grant_Universities
446 : https://en.wikipedia.org/wiki/Ohio_State_Buckeyes
447 : https://en.wikipedia.org/wiki/Morrill_Act_of_1862
448 : https://en.wikipedia.org/wiki/South_Bass_Island_Light
449 : https://en.wikipedia.org/wiki/Fred_Taylor_(basketball_coach)
450 : https://en.wikipedia.org/wiki/Interdisciplinary
451 : https://en.wikipedia.org/wiki/Athletic_nickname
452 : https://en.wikipedia.org/wiki/Wikipedia:Verifiability
453 : https://en.wikipedia.org/wiki/Korea_University
454 : https://en.wikipedia.org/wiki/NCAA_Division_I
455 : https://en.wikipedia.org/wiki/New_York_University
456 : https://en.wikipedia.org/wiki/Wikipedia:File_Upload_Wizard
457 : https://en.wikipedia.org/wiki/Big_Ten_Conference
458 : https://en.wikipedia.org/wiki/Category:All_articles_with_failed_verification
459 : https://en.wikipedia.org/wiki/Rutherford_B._Hayes
460 : https://en.wikipedia.org/wiki/University_of_Hong_Kong
461 : https://en.wikipedia.org/wiki/Fudan_University
462 : https://en.wikipedia.org/wiki/Wikipedia:General_disclaimer
463 : https://en.wikipedia.org/wiki/University_of_Delhi
464 : https://en.wikipedia.org/wiki/Wikipedia:Text_of_Creative_Commons_Attribution-ShareAlike_3.0_Unported_License
465 : https://en.wikipedia.org/wiki/Massachusetts_Institute_of_Technology
466 : https://simple.wikipedia.org/wiki/Ohio_State_University
467 : https://en.wikipedia.org/wiki/Syracuse_University
468 : https://es.wikipedia.org/wiki/Universidad_Estatal_de_Ohio
469 : https://en.wikipedia.org/wiki/Wikipedia:Contact_us
470 : https://id.wikipedia.org/wiki/Universitas_Negeri_Ohio
471 : https://en.wikipedia.org/wiki/Special:RecentChanges
472 : https://en.wikipedia.org/w/index.php?bookcmd=book_creator&referer=Ohio+State+University&title=Special%3ABook
473 : https://en.wikipedia.org/wiki/Special:SpecialPages
474 : https://en.wikipedia.org/w/index.php?title=Special:Book&bookcmd=rendering&return_to=Ohio+State+University&collection_id=466ff6439698dc38c8473327acb86a0ca78ffb2b&writer=rdf2latex
475 : https://en.wikipedia.org/w/index.php?id=713033087&page=Ohio_State_University&title=Special%3ACiteThisPage
476 : https://en.wikipedia.org/wiki/Wikipedia:Community_portal
477 : https://en.wikipedia.org/wiki/Ohio_State_University
478 : https://en.wikipedia.org/wiki/Help:Contents
479 : https://en.wikipedia.org/wiki/Portal:Featured_content
480 : https://en.wikipedia.org/wiki/Special:RecentChangesLinked/Ohio_State_University
481 : https://en.wikipedia.org/wiki/Portal:Contents
482 : https://en.wikipedia.org/wiki/Main_Page
483 : https://en.wikipedia.org/wiki/Special:WhatLinksHere/Ohio_State_University
484 : https://en.wikipedia.org/wiki/Special:MyContributions
485 : https://en.wikipedia.org/w/index.php?returnto=Ohio+State+University&title=Special%3AUserLogin&type=signup
486 : https://en.m.wikipedia.org/wiki/Ohio_State_University
487 : https://en.wikipedia.org/wiki/Special:MyTalk
488 : https://en.wikipedia.org/wiki/Category:Articles_with_unsourced_statements_from_December_2014
489 : https://en.wikipedia.org/wiki/Category:Coordinates_on_Wikidata
490 : https://en.wikipedia.org/wiki/Category:Commons_category_with_local_link_same_as_on_Wikidata
491 : https://en.wikipedia.org/wiki/Category:Articles_with_unsourced_statements_from_September_2012
492 : https://en.wikipedia.org/w/index.php?printable=yes&title=Ohio_State_University
493 : https://en.wikipedia.org/wiki/Category:Articles_with_unsourced_statements_from_February_2016
494 : https://en.wikipedia.org/wiki/Category:Articles_with_unsourced_statements_from_November_2015
495 : https://en.wikipedia.org/wiki/Portal:Current_events
496 : https://en.wikipedia.org/wiki/Category:All_articles_with_unsourced_statements
497 : https://en.wikipedia.org/wiki/Talk:Ohio_State_University
498 : https://en.wikipedia.org/wiki/Category:Articles_with_failed_verification_from_April_2015
499 : https://en.wikipedia.org/wiki/Category:All_articles_to_be_expanded
500 : https://en.wikipedia.org/wiki/Wikipedia:About
501 : https://en.wikipedia.org/w/index.php?action=info&title=Ohio_State_University
502 : https://en.wikipedia.org/wiki/Category:Use_mdy_dates_from_April_2015
503 : https://en.wikipedia.org/w/index.php?action=history&title=Ohio_State_University
504 : https://en.wikipedia.org/wiki/Category:Optometry_schools_in_the_United_States
505 : https://en.wikipedia.org/wiki/Category:Wikipedia_articles_incorporating_citation_to_the_NSRW_with_an_wstitle_parameter
506 : https://en.wikipedia.org/wiki/Category:Articles_with_unsourced_statements_from_November_2014
507 : https://en.wikipedia.org/wiki/Category:Universities_and_colleges_in_Columbus,_Ohio
508 : https://en.wikipedia.org/wiki/Category:Midwestern_Intercollegiate_Volleyball_Association
509 : https://en.wikipedia.org/wiki/Category:Flagship_universities_in_the_United_States
510 : https://en.wikipedia.org/wiki/Category:Wikipedia_articles_incorporating_citation_to_the_NSRW
511 : https://en.wikipedia.org/wiki/Category:Forestry_education
512 : https://en.wikipedia.org/wiki/Category:Articles_with_unsourced_statements_from_February_2008
513 : https://en.wikipedia.org/wiki/Category:Association_of_American_Universities
514 : https://en.wikipedia.org/wiki/Help:Category
515 : https://en.wikipedia.org/wiki/Pontifical_Catholic_University_of_Chile
516 : https://en.wikipedia.org/wiki/Category:Land-grant_universities_and_colleges
517 : https://en.wikipedia.org/wiki/Category:Articles_using_small_message_boxes
518 : https://en.wikipedia.org/wiki/Category:Articles_to_be_expanded_from_February_2016
519 : https://en.wikipedia.org/wiki/Category:Ohio_State_University
520 : https://en.wikipedia.org/wiki/Geographic_coordinate_system
521 : https://en.wikipedia.org/wiki/Category:1870_establishments_in_Ohio
522 : https://en.wikipedia.org/wiki/University_of_New_South_Wales
523 : https://en.wikipedia.org/wiki/University_of_Johannesburg
524 : https://en.wikipedia.org/wiki/University_of_Queensland
525 : https://en.wikipedia.org/wiki/University_of_Melbourne
526 : https://en.wikipedia.org/w/index.php?oldid=713033087&title=Ohio_State_University
527 : https://en.wikipedia.org/wiki/University_of_Auckland
528 : https://en.wikipedia.org/wiki/University_of_Nottingham
529 : https://en.wikipedia.org/wiki/Lund_University
530 : https://en.wikipedia.org/wiki/Monterrey_Institute_of_Technology_and_Higher_Education
531 : https://en.wikipedia.org/wiki/Template_talk:Universitas_21
532 : https://en.wikipedia.org/wiki/Template:Universitas_21
533 : https://en.wikipedia.org/wiki/University_College_Dublin
534 : https://en.wikipedia.org/wiki/Shanghai_Jiao_Tong_University
535 : https://en.wikipedia.org/wiki/University_of_Glasgow
536 : https://en.wikipedia.org/wiki/University_of_Maryland
537 : https://en.wikipedia.org/wiki/University_of_Edinburgh
538 : https://en.wikipedia.org/wiki/University_of_British_Columbia
539 : https://en.wikipedia.org/wiki/National_University_of_Singapore
540 : https://en.wikipedia.org/wiki/University_of_Birmingham
541 : https://en.wikipedia.org/w/index.php?action=edit&title=Template%3AUniversitas_21
542 : https://en.wikipedia.org/wiki/Template:Public_Ivy
543 : https://en.wikipedia.org/wiki/University_of_Amsterdam
544 : https://en.wikipedia.org/wiki/New_College_of_Florida
545 : https://en.wikipedia.org/wiki/Template_talk:Public_Ivy
546 : https://en.wikipedia.org/wiki/Sapienza_University_of_Rome
547 : https://en.wikipedia.org/wiki/University_of_Delaware
548 : https://en.wikipedia.org/wiki/Binghamton_University
549 : https://en.wikipedia.org/wiki/University_of_Connecticut
550 : https://en.wikipedia.org/wiki/University_of_Vermont
551 : https://en.wikipedia.org/wiki/University_of_Georgia
552 : https://en.wikipedia.org/wiki/University_of_Manchester
553 : https://en.wikipedia.org/wiki/Queen_Mary_University_of_London
554 : https://en.wikipedia.org/wiki/University_College_London
555 : https://en.wikipedia.org/wiki/University_of_Texas_system
556 : https://en.wikipedia.org/w/index.php?action=edit&title=Template%3APublic_Ivy
557 : https://en.wikipedia.org/wiki/University_of_Pisa
558 : https://en.wikipedia.org/wiki/Waseda_University
559 : https://en.wikipedia.org/wiki/University_of_Tennessee
560 : https://en.wikipedia.org/wiki/Rockefeller_University
561 : https://en.wikipedia.org/wiki/Southern_Methodist_University
562 : https://en.wikipedia.org/wiki/Tufts_University
563 : https://en.wikipedia.org/wiki/Wayne_State_University
564 : https://en.wikipedia.org/wiki/University_of_Texas_at_Arlington
565 : https://en.wikipedia.org/wiki/Northern_Illinois_University
566 : https://en.wikipedia.org/wiki/University_of_South_Carolina
567 : https://en.wikipedia.org/wiki/University_of_Texas_at_Dallas
568 : https://en.wikipedia.org/wiki/Virginia_Tech
569 : https://en.wikipedia.org/wiki/New_Mexico_State_University
570 : https://en.wikipedia.org/wiki/Texas_Tech_University
571 : https://en.wikipedia.org/wiki/University_of_Illinois_system
572 : https://en.wikipedia.org/wiki/Northeastern_University
573 : https://en.wikipedia.org/wiki/SUNY
574 : https://en.wikipedia.org/wiki/Universities_Research_Association
575 : https://en.wikipedia.org/wiki/University_of_New_Mexico
576 : https://en.wikipedia.org/wiki/University_of_Oklahoma
577 : https://en.wikipedia.org/wiki/University_of_Illinois_at_Chicago
578 : https://en.wikipedia.org/wiki/Template:Universities_Research_Association
579 : https://en.wikipedia.org/wiki/Template_talk:Universities_Research_Association
580 : https://en.wikipedia.org/wiki/University_of_North_Texas
581 : https://en.wikipedia.org/wiki/University_of_Houston
582 : https://en.wikipedia.org/wiki/University_of_California,_Riverside
583 : https://en.wikipedia.org/wiki/Louisiana_State_University
584 : https://en.wikipedia.org/wiki/List_of_universities_in_Canada
585 : https://en.wikipedia.org/wiki/Illinois_Institute_of_Technology
586 : https://en.wikipedia.org/w/index.php?action=edit&title=Template%3AUniversities_Research_Association
587 : https://en.wikipedia.org/wiki/University_of_Alabama
588 : https://en.wikipedia.org/wiki/University_of_Toronto
589 : https://en.wikipedia.org/wiki/Florida_State_University
590 : https://en.wikipedia.org/wiki/University_of_Colorado_at_Boulder
591 : https://en.wikipedia.org/wiki/Vanderbilt_University
592 : https://en.wikipedia.org/wiki/McGill_University
593 : https://en.wikipedia.org/wiki/Tulane_University
594 : https://en.wikipedia.org/wiki/University_of_Rochester
595 : https://en.wikipedia.org/wiki/Yale_University
596 : https://en.wikipedia.org/wiki/University_of_Southern_California
597 : https://en.wikipedia.org/wiki/Emory_University
598 : https://en.wikipedia.org/wiki/Rice_University
599 : https://en.wikipedia.org/wiki/University_of_Pennsylvania
600 : https://en.wikipedia.org/wiki/Case_Western_Reserve_University
601 : https://en.wikipedia.org/wiki/Princeton_University
602 : https://en.wikipedia.org/wiki/Washington_University_in_St._Louis
603 : https://en.wikipedia.org/wiki/Duke_University
604 : https://en.wikipedia.org/wiki/Cornell_University
605 : https://en.wikipedia.org/wiki/Columbia_University
606 : https://en.wikipedia.org/wiki/Private_university
607 : https://en.wikipedia.org/wiki/Carnegie_Mellon_University
608 : https://en.wikipedia.org/wiki/Brandeis_University
609 : https://en.wikipedia.org/wiki/Harvard_University
610 : https://en.wikipedia.org/wiki/California_Institute_of_Technology
611 : https://en.wikipedia.org/wiki/Boston_University
612 : https://en.wikipedia.org/wiki/Brown_University
613 : https://en.wikipedia.org/wiki/University_of_North_Carolina_at_Chapel_Hill
614 : https://en.wikipedia.org/wiki/University_of_Washington
615 : https://en.wikipedia.org/wiki/Stony_Brook_University
616 : https://en.wikipedia.org/wiki/University_of_Virginia
617 : https://en.wikipedia.org/wiki/State_University_of_New_York
618 : https://en.wikipedia.org/wiki/University_of_Oregon
619 : https://en.wikipedia.org/wiki/University_at_Buffalo
620 : https://en.wikipedia.org/wiki/University_of_Pittsburgh
621 : https://en.wikipedia.org/wiki/University_of_California,_Santa_Barbara
622 : https://en.wikipedia.org/wiki/University_of_Colorado_Boulder
623 : https://en.wikipedia.org/wiki/University_of_California,_San_Diego
624 : https://en.wikipedia.org/wiki/University_of_California,_Davis
625 : https://en.wikipedia.org/wiki/University_of_Kansas
626 : https://en.wikipedia.org/wiki/Template:Association_of_American_Universities
627 : https://en.wikipedia.org/wiki/Template_talk:Committee_on_Institutional_Cooperation
628 : https://en.wikipedia.org/wiki/Iowa_State_University
629 : https://en.wikipedia.org/wiki/B1G_Super_Saturday
630 : https://en.wikipedia.org/wiki/University_of_California
631 : https://en.wikipedia.org/wiki/Template:Committee_on_Institutional_Cooperation
632 : https://en.wikipedia.org/wiki/University_of_Missouri
633 : https://en.wikipedia.org/wiki/Big_Ten_Athlete_of_the_Year
634 : https://en.wikipedia.org/wiki/Template_talk:Association_of_American_Universities
635 : https://en.wikipedia.org/wiki/List_of_Big_Ten_Conference_national_championships
636 : https://en.wikipedia.org/wiki/Chicago_Maroons
637 : https://en.wikipedia.org/w/index.php?action=edit&title=Template%3ACommittee_on_Institutional_Cooperation
638 : https://en.wikipedia.org/wiki/University_of_Arizona
639 : https://en.wikipedia.org/w/index.php?action=edit&title=Template%3AAssociation_of_American_Universities
640 : https://en.wikipedia.org/wiki/Big_Ten_Network
641 : https://en.wikipedia.org/wiki/Purdue_Boilermakers
642 : https://en.wikipedia.org/wiki/University_of_California,_Los_Angeles
643 : https://en.wikipedia.org/wiki/Wisconsin_Badgers
644 : https://en.wikipedia.org/wiki/Georgia_Institute_of_Technology
645 : https://en.wikipedia.org/wiki/Northwestern_Wildcats
646 : https://en.wikipedia.org/wiki/Minnesota_Golden_Gophers
647 : https://en.wikipedia.org/wiki/Rutgers_University
648 : https://en.wikipedia.org/wiki/Nebraska_Cornhuskers
649 : https://en.wikipedia.org/wiki/University_of_Nebraska%E2%80%93Lincoln
650 : https://en.wikipedia.org/wiki/Iowa_Hawkeyes
651 : https://en.wikipedia.org/wiki/Illinois_Fighting_Illini
652 : https://en.wikipedia.org/wiki/University_of_Iowa
653 : https://en.wikipedia.org/wiki/University_of_Notre_Dame
654 : https://en.wikipedia.org/wiki/Johns_Hopkins_University
655 : https://en.wikipedia.org/wiki/Purdue_University
656 : https://en.wikipedia.org/wiki/Rutgers_University%E2%80%93New_Brunswick
657 : https://en.wikipedia.org/wiki/Northwestern_University
658 : https://en.wikipedia.org/wiki/Template:Big_Ten_Conference_navbox
659 : https://en.wikipedia.org/wiki/Template_talk:Big_Ten_Conference_navbox
660 : https://en.wikipedia.org/wiki/Michigan_State_Spartans
661 : https://en.wikipedia.org/wiki/Penn_State_Nittany_Lions
662 : https://en.wikipedia.org/wiki/University_of_Illinois_at_Urbana%E2%80%93Champaign
663 : https://en.wikipedia.org/wiki/University_of_Wisconsin%E2%80%93Madison
664 : https://en.wikipedia.org/wiki/Rutgers_Scarlet_Knights
665 : https://en.wikipedia.org/wiki/Michigan_Wolverines
666 : https://en.wikipedia.org/wiki/Northeast_Ohio_Medical_University
667 : https://en.wikipedia.org/wiki/Maryland_Terrapins
668 : https://en.wikipedia.org/w/index.php?action=edit&title=Template%3ABig_Ten_Conference_navbox
669 : https://en.wikipedia.org/wiki/Youngstown_State_University
670 : https://en.wikipedia.org/wiki/Wright_State_University
671 : https://en.wikipedia.org/wiki/Template:Public_universities_in_Ohio
672 : https://en.wikipedia.org/wiki/Indiana_University_Bloomington
673 : https://en.wikipedia.org/wiki/Cleveland_State_University
674 : https://en.wikipedia.org/wiki/University_of_Toledo
675 : https://en.wikipedia.org/wiki/Central_State_University
676 : https://en.wikipedia.org/wiki/Template_talk:Public_universities_in_Ohio
677 : https://en.wikipedia.org/wiki/List_of_largest_United_States_universities_by_undergraduate_enrollment
678 : https://en.wikipedia.org/wiki/Shawnee_State_University
679 : https://en.wikipedia.org/wiki/University_of_Akron
680 : https://en.wikipedia.org/wiki/Template:Largest_United_States_universities_by_undergraduate_enrollment
681 : https://en.wikipedia.org/wiki/Indiana_University
682 : https://en.wikipedia.org/wiki/Kent_State_University
683 : https://en.wikipedia.org/w/index.php?action=edit&title=Template%3APublic_universities_in_Ohio
684 : https://en.wikipedia.org/wiki/Template_talk:Largest_United_States_universities_by_undergraduate_enrollment
685 : https://en.wikipedia.org/wiki/University_of_Maryland,_College_Park
686 : https://en.wikipedia.org/wiki/Template_talk:Largest_United_States_universities_by_enrollment
687 : https://en.wikipedia.org/w/index.php?action=edit&title=Template%3ALargest_United_States_universities_by_undergraduate_enrollment
688 : https://en.wikipedia.org/wiki/University_of_Cincinnati
689 : https://en.wikipedia.org/wiki/Indiana_Hoosiers
690 : https://en.wikipedia.org/wiki/The_Stadium_Scholarship_Program
691 : https://en.wikipedia.org/wiki/Template:Largest_United_States_universities_by_enrollment
692 : https://en.wikipedia.org/wiki/Sigma_Alpha
693 : https://en.wikipedia.org/wiki/University_of_Minnesota
694 : https://en.wikipedia.org/wiki/Bowling_Green_State_University
695 : https://en.wikipedia.org/wiki/Texnikoi_Engineering_Honorary
696 : https://en.wikipedia.org/wiki/Pennsylvania_State_University
697 : https://en.wikipedia.org/wiki/University_District,_Columbus,_Ohio
698 : https://en.wikipedia.org/wiki/Sigma_Eta_Chi
699 : https://en.wikipedia.org/wiki/Buckeye_Leadership_Society
700 : https://en.wikipedia.org/wiki/American_Folklore_Society
701 : https://en.wikipedia.org/w/index.php?action=edit&title=Template%3ALargest_United_States_universities_by_enrollment
702 : https://en.wikipedia.org/wiki/Ohio_State_Varsity_O_Hall_of_Fame
703 : https://en.wikipedia.org/wiki/Maudine_Ormsby
704 : https://en.wikipedia.org/wiki/Old_North_Columbus
705 : https://en.wikipedia.org/wiki/Anime_Punch!
706 : https://en.wikipedia.org/wiki/Across_the_Field
707 : https://en.wikipedia.org/wiki/Illibuck
708 : https://en.wikipedia.org/wiki/University_of_Texas_at_Austin
709 : https://en.wikipedia.org/wiki/Florida_International_University
710 : https://en.wikipedia.org/wiki/Gibraltar_Island
711 : https://en.wikipedia.org/wiki/Secrest_Arboretum
712 : https://en.wikipedia.org/wiki/Edison_Welding_Institute
713 : https://en.wikipedia.org/wiki/Mobius_project
714 : https://en.wikipedia.org/wiki/Olentangy_River_Wetland_Research_Park
715 : https://en.wikipedia.org/wiki/DNB_Extension_for_Education_and_Research
716 : https://en.wikipedia.org/wiki/Buckeye_Battle_Cry
717 : https://en.wikipedia.org/wiki/Ohio_State_University_athletic_band
718 : https://en.wikipedia.org/wiki/Michigan_State_University
719 : https://en.wikipedia.org/wiki/Newman_projection
720 : https://en.wikipedia.org/wiki/Ohio_State_University_Radio_Observatory
721 : https://en.wikipedia.org/wiki/National_Cartoon_Museum
722 : https://en.wikipedia.org/wiki/Journal_of_Number_Theory
723 : https://en.wikipedia.org/wiki/Michigan_%E2%80%93_Ohio_State_football_rivalry
724 : https://en.wikipedia.org/wiki/WVSG_(AM)
725 : https://en.wikipedia.org/wiki/Byrd_Polar_and_Climate_Research_Center
726 : https://en.wikipedia.org/wiki/Center_for_Survey_Research
727 : https://en.wikipedia.org/wiki/Woody_Hayes_Athletic_Center
728 : https://en.wikipedia.org/wiki/John_A._Prior_Health_Sciences_Library
729 : https://en.wikipedia.org/wiki/Aeronautical_and_Astronautical_Research_Laboratory
730 : https://en.wikipedia.org/wiki/Wexner_Medical_Center_at_Ohio_State_University
731 : https://en.wikipedia.org/wiki/Ohio_State_University_Press
732 : https://en.wikipedia.org/wiki/University_of_Central_Florida
733 : https://en.wikipedia.org/wiki/Center_for_Interdisciplinary_Law_and_Policy_Studies
734 : https://en.wikipedia.org/wiki/Journal_of_Money,_Credit_and_Banking
735 : https://en.wikipedia.org/wiki/I/S:_A_Journal_of_Law_and_Policy_for_the_Information_Society
736 : https://en.wikipedia.org/wiki/The_Ohio_State_University_Marching_Band
737 : https://en.wikipedia.org/wiki/Ohio_State_University_Health_Sciences_Center_for_Global_Health
738 : https://en.wikipedia.org/wiki/OSU_Ice_Rink
739 : https://en.wikipedia.org/wiki/Reading_Recovery
740 : https://en.wikipedia.org/wiki/Ross_Mathematics_Program
741 : https://en.wikipedia.org/wiki/St._John_Arena
742 : https://en.wikipedia.org/wiki/Karen_Holbrook
743 : https://en.wikipedia.org/wiki/John_Glenn_School_of_Public_Affairs
744 : https://en.wikipedia.org/wiki/Ohio_State_Buckeyes_field_hockey
745 : https://en.wikipedia.org/wiki/John_Richard_Sisson
746 : https://en.wikipedia.org/wiki/Drake_Performance_and_Event_Center
747 : https://en.wikipedia.org/wiki/Bill_Davis_Stadium
748 : https://en.wikipedia.org/wiki/Howard_Landis_Bevis
749 : https://en.wikipedia.org/wiki/Joseph_A._Alutto
750 : https://en.wikipedia.org/wiki/William_Henry_Scott_(university_president)
751 : https://en.wikipedia.org/wiki/Novice_Gail_Fawcett
752 : https://en.wikipedia.org/wiki/William_Oxley_Thompson
753 : https://en.wikipedia.org/wiki/Walter_Quincy_Scott
754 : https://en.wikipedia.org/wiki/Ohio_State_University_Golf_Club
755 : https://en.wikipedia.org/wiki/Edward_Orton,_Sr.
756 : https://en.wikipedia.org/wiki/List_of_Presidents_of_Ohio_State_University
757 : https://en.wikipedia.org/wiki/Ohio_State_University_Airport
758 : https://en.wikipedia.org/wiki/Edward_Harrington_Jennings
759 : https://en.wikipedia.org/wiki/William_McPherson_(university_president)
760 : https://en.wikipedia.org/wiki/George_Washington_Rightmire
761 : https://en.wikipedia.org/wiki/Template:Ohio_State_University
762 : https://en.wikipedia.org/wiki/Ohio_State_University,_Delaware_Center
763 : https://en.wikipedia.org/wiki/William_English_Kirwan
764 : https://en.wikipedia.org/wiki/Encyclop%C3%A6dia_Britannica_Eleventh_Edition
765 : https://en.wikipedia.org/wiki/James_Hulme_Canfield
766 : https://en.wikipedia.org/wiki/Value_City_Arena
767 : http://researchnews.osu.edu/archive/aaasfellows2009.htm
768 : https://en.wikipedia.org/w/index.php?action=edit&title=Template%3AOhio_State_University
769 : https://en.wikipedia.org/wiki/Wikisource
770 : https://en.wikipedia.org/w/index.php?action=edit&section=25&title=Ohio_State_University
771 : https://en.wikipedia.org/w/index.php?action=edit&section=26&title=Ohio_State_University
772 : https://en.wikipedia.org/wiki/Special:BookSources/0-8142-1027-9
773 : https://en.wikipedia.org/wiki/Harold_Leroy_Enarson
774 : https://en.wikipedia.org/wiki/Special:BookSources/0-8142-0918-1
775 : http://ohiounion.osu.edu/get_involved/student_governments
776 : https://en.wikipedia.org/wiki/International_Standard_Book_Number
777 : https://en.wikipedia.org/wiki/Template_talk:Ohio_State_University
778 : http://ohiounion.osu.edu/get_involved/makio
779 : http://ohiounion.osu.edu/get_involved/csls/the_keith_b_key_center_f
780 : http://undergrad.osu.edu/explore/student-activities.html
781 : https://kb.osu.edu/dspace/handle/1811/403
782 : https://en.wikipedia.org/wiki/Wayback_Machine
783 : http://fisher.osu.edu/departments/finance/
784 : http://undergrad.osu.edu/money-matters/tuition-and-fees.html
785 : http://www.housing.osu.edu/
786 : http://ohiounion.osu.edu/about_the_union/history
787 : http://studentlife.osu.edu
788 : https://en.wikipedia.org/wiki/The_Ohio_State_University
789 : https://en.wikipedia.org/wiki/Gordon_Gee
790 : http://undergrad.osu.edu/admissions/quick-facts.html
791 : https://en.wikipedia.org/wiki/Portal:University
792 : https://en.wikipedia.org/wiki/Special:BookSources/0-8142-0141-5
793 : https://en.wikipedia.org/w/index.php?action=edit&section=23&title=Ohio_State_University
794 : https://www.osu.edu/osutoday/stuinfo.php
795 : http://swc.osu.edu/
796 : https://en.wikipedia.org/w/index.php?action=edit&section=24&title=Ohio_State_University
797 : https://en.wikipedia.org/wiki/James_S._Albus
798 : https://en.wikipedia.org/wiki/Sportsman_of_the_Year
799 : https://en.wikipedia.org/wiki/James_E._Sullivan_Award
800 : https://en.wikipedia.org/w/index.php?action=edit&section=22&title=Ohio_State_University
801 : https://en.wikipedia.org/wiki/Basketball_Hall_of_Fame
802 : https://en.wikipedia.org/wiki/Sports_Illustrated
803 : http://mgc.osu.edu/
804 : http://sundial.osu.edu/wordpress/
805 : https://en.wikipedia.org/wiki/Pro_Football_Hall_of_Fame
806 : https://www.osu.edu/highpoints/alumni/
807 : https://en.wikipedia.org/wiki/Cooperstown,_New_York
808 : https://en.wikipedia.org/wiki/Larry_Sanger
809 : https://en.wikipedia.org/wiki/National_Baseball_Hall_of_Fame_and_Museum
810 : https://en.wikipedia.org/wiki/Time_(magazine)
811 : https://en.wikipedia.org/wiki/Forbes_400
812 : https://en.wikipedia.org/wiki/Fortune_500
813 : https://en.wikipedia.org/wiki/Chief_executive_officer
814 : https://en.wikipedia.org/wiki/New_York
815 : https://engineering.osu.edu/news/archive/2007/070711a.php
816 : https://en.wikipedia.org/wiki/World_Series
817 : https://en.wikipedia.org/wiki/George_Steinbrenner
818 : https://en.wikipedia.org/wiki/Pixar
819 : https://en.wikipedia.org/wiki/Guggenheim_Fellowship
820 : https://en.wikipedia.org/wiki/Fulbright_Program
821 : https://en.wikipedia.org/wiki/Pulitzer_Prize
822 : https://en.wikipedia.org/wiki/Institute_of_Medicine
823 : https://en.wikipedia.org/wiki/Gold_Medal
824 : https://en.wikipedia.org/w/index.php?action=edit&section=21&title=Ohio_State_University
825 : https://en.wikipedia.org/wiki/New_York_Yankees
826 : https://en.wikipedia.org/wiki/Roy_Lichtenstein
827 : https://en.wikipedia.org/w/index.php?action=edit&section=20&title=Ohio_State_University
828 : https://en.wikipedia.org/wiki/United_States_National_Academy_of_Sciences
829 : https://en.wikipedia.org/wiki/Portal:Ohio
830 : https://en.wikipedia.org/wiki/Medal_of_Honor
831 : https://en.wikipedia.org/wiki/WOSA
832 : https://ksamedia.osu.edu/herrick-archives
833 : https://en.wikipedia.org/wiki/High-definition_television
834 : https://en.wikipedia.org/wiki/Nobel_Prize
835 : https://en.wikipedia.org/w/index.php?action=edit&section=19&title=Ohio_State_University
836 : https://en.wikipedia.org/wiki/American_Association_for_the_Advancement_of_Science
837 : https://en.wikipedia.org/wiki/National_Academy_of_Engineering
838 : https://en.wikipedia.org/wiki/WOSU-TV
839 : https://library.osu.edu/find/collections/the-ohio-state-university-archives/buckeye-history/faqs
840 : https://en.wikipedia.org/wiki/Olympic_Games
841 : https://en.wikipedia.org/wiki/List_of_Ohio_State_University_people
842 : https://en.wikipedia.org/wiki/WOSU-FM
843 : http://music.osu.edu/wgc/
844 : https://en.wikipedia.org/wiki/Jim_Parker_(American_football)
845 : https://en.wikipedia.org/wiki/Paul_Warfield
846 : https://en.wikipedia.org/wiki/National_Public_Radio
847 : https://en.wikipedia.org/wiki/Talk_radio
848 : https://en.wikipedia.org/wiki/Dick_LeBeau
849 : https://en.wikipedia.org/w/index.php?action=edit&section=18&title=Ohio_State_University
850 : https://en.wikipedia.org/wiki/PBS
851 : https://en.wikipedia.org/wiki/Sid_Gillman
852 : https://en.wikipedia.org/wiki/Dante_Lavelli
853 : https://en.wikipedia.org/wiki/Television_station
854 : https://en.wikipedia.org/wiki/Bill_Willis
855 : https://en.wikipedia.org/wiki/Lou_Groza
856 : https://en.wikipedia.org/wiki/Archie_Griffin
857 : https://en.wikipedia.org/wiki/Eddie_George
858 : https://en.wikipedia.org/wiki/BBC
859 : https://en.wikipedia.org/wiki/European_classical_music
860 : https://en.wikipedia.org/wiki/TV
861 : https://en.wikipedia.org/wiki/Jim_Tressel
862 : https://en.wikipedia.org/wiki/Public_television
863 : https://en.wikipedia.org/wiki/Heisman_Trophy
864 : https://en.wikipedia.org/wiki/Troy_Smith
865 : https://en.wikipedia.org/wiki/Paul_Brown
866 : https://en.wikipedia.org/wiki/Larry_Siegfried
867 : https://en.wikipedia.org/wiki/John_Havlicek
868 : https://en.wikipedia.org/wiki/Woody_Hayes
869 : https://en.wikipedia.org/wiki/Jerry_Lucas
870 : https://en.wikipedia.org/wiki/Chic_Harley
871 : https://en.wikipedia.org/wiki/Jessica_Davenport
872 : https://en.wikipedia.org/wiki/Frank_Howard_(baseball_player)
873 : https://en.wikipedia.org/wiki/Bobby_Knight
874 : https://en.wikipedia.org/wiki/Ohio_Buckeye
875 : https://en.wikipedia.org/wiki/Jesse_Owens
876 : https://en.wikipedia.org/wiki/University_of_Florida
877 : https://en.wikipedia.org/wiki/Ryan_Kesler
878 : https://en.wikipedia.org/wiki/Ohio_State_Buckeyes_baseball
879 : https://en.wikipedia.org/wiki/Veterinary_Medicine
880 : https://en.wikipedia.org/wiki/University_of_California,_Berkeley
881 : https://en.wikipedia.org/wiki/UCLA
882 : https://en.wikipedia.org/wiki/University_of_Michigan
883 : https://en.wikipedia.org/wiki/Optometry
884 : https://en.wikipedia.org/wiki/Pharmacy
885 : https://en.wikipedia.org/wiki/Stanford_University
886 : https://en.wikipedia.org/w/index.php?action=edit&section=17&title=Ohio_State_University
887 : https://en.wikipedia.org/wiki/Academic_administration
888 : https://en.wikipedia.org/wiki/Jack_Nicklaus
889 : https://en.wikipedia.org/wiki/Katie_Smith
890 : https://en.wikipedia.org/wiki/Ice_hockey
891 : https://en.wikipedia.org/wiki/Undergraduate
892 : https://en.wikipedia.org/wiki/Mortar_Board
893 : https://en.wikipedia.org/wiki/Ohio_State_Buckeyes_football
894 : https://en.wikipedia.org/wiki/Representation_(politics)
895 : https://en.wikipedia.org/w/index.php?action=edit&section=16&title=Ohio_State_University
896 : https://en.wikipedia.org/wiki/Buckeye_TV
897 : https://en.wikipedia.org/wiki/Graduate_students
898 : https://en.wikipedia.org/wiki/Fiction
899 : https://en.wikipedia.org/wiki/Block_O
900 : https://en.wikipedia.org/wiki/Medicine
901 : https://en.wikipedia.org/wiki/Student_cheering_section
902 : https://en.wikipedia.org/wiki/Diversity_(politics)
903 : https://en.wikipedia.org/wiki/National_Forensics_Association
904 : https://en.wikipedia.org/wiki/Cable_TV
905 : https://en.wikipedia.org/wiki/Dentistry
906 : https://en.wikipedia.org/wiki/Ohio_county_government
907 : https://en.wikipedia.org/wiki/Law
908 : https://en.wikipedia.org/w/index.php?action=edit&section=13&title=Ohio_State_University
909 : https://en.wikipedia.org/wiki/Social_issues
910 : https://en.wikipedia.org/wiki/Student_organizations
911 : https://en.wikipedia.org/wiki/Scholarship
912 : https://en.wikipedia.org/wiki/Community_service
913 : https://en.wikipedia.org/wiki/The_Towers_(Ohio_State)
914 : https://en.wikipedia.org/w/index.php?action=edit&section=14&title=Ohio_State_University
915 : https://en.wikipedia.org/wiki/Art
916 : https://en.wikipedia.org/wiki/Marshall_Scholarship
917 : https://en.wikipedia.org/wiki/Academic
918 : https://en.wikipedia.org/wiki/Truman_Scholarship
919 : https://en.wikipedia.org/w/index.php?action=edit&title=Template%3AThe_Ohio_State_University
920 : https://en.wikipedia.org/wiki/Rhodes_Scholarship
921 : https://en.wikipedia.org/wiki/Artistic
922 : https://en.wikipedia.org/wiki/Undergraduates
923 : https://en.wikipedia.org/w/index.php?action=edit&section=11&title=Ohio_State_University
924 : https://en.wikipedia.org/wiki/Buckeye_Bullet
925 : https://en.wikipedia.org/wiki/Poetry
926 : https://en.wikipedia.org/wiki/Bonneville_Salt_Flats
927 : https://en.wikipedia.org/w/index.php?action=edit&redlink=1&title=Template_talk%3AThe_Ohio_State_University
928 : https://en.wikipedia.org/wiki/LGBT
929 : https://en.wikipedia.org/wiki/Glee_Club
930 : https://en.wikipedia.org/wiki/North_Sea_Jazz_Festival
931 : https://en.wikipedia.org/wiki/Low-income
932 : https://en.wikipedia.org/w/index.php?action=edit&section=10&title=Ohio_State_University
933 : https://en.wikipedia.org/wiki/Naxos_Records
934 : https://en.wikipedia.org/wiki/Montreux_Jazz_Festival
935 : https://en.wikipedia.org/wiki/Graduation
936 : https://en.wikipedia.org/wiki/Eisteddfod
937 : https://en.wikipedia.org/wiki/Religious
938 : https://en.wikipedia.org/wiki/Convocation
939 : https://en.wikipedia.org/wiki/Choir
940 : https://en.wikipedia.org/wiki/Le_R%C3%A9giment_de_Sambre_et_Meuse
941 : https://en.wikipedia.org/wiki/The_Daily_Show
942 : https://en.wikipedia.org/wiki/Carmen_Ohio
943 : https://en.wikipedia.org/wiki/Sousaphone
944 : https://en.wikipedia.org/wiki/John_Wilce
945 : https://en.wikipedia.org/wiki/Blackwell_Inn
946 : https://en.wikipedia.org/wiki/Drake_Union
947 : https://en.wikipedia.org/wiki/Jon_Stewart
948 : https://en.wikipedia.org/wiki/Fight_song
949 : https://en.wikipedia.org/wiki/Hang_on_Sloopy
950 : https://en.wikipedia.org/wiki/Wales
951 : https://en.wikipedia.org/wiki/The_Princeton_Review
952 : https://en.wikipedia.org/wiki/Ohio_Union
953 : https://en.wikipedia.org/wiki/Ford_Motor_Company
954 : https://en.wikipedia.org/w/index.php?action=edit&section=9&title=Ohio_State_University
955 : https://en.wikipedia.org/wiki/Jerome_Schottenstein_Center
956 : https://en.wikipedia.org/wiki/Fundraising
957 : https://en.wikipedia.org/wiki/Committee_on_Institutional_Cooperation
958 : https://en.wikipedia.org/w/index.php?action=edit&section=8&title=Ohio_State_University
959 : https://en.wikipedia.org/wiki/Center_for_Urban_and_Regional_Analysis
960 : https://en.wikipedia.org/wiki/Ohio_Agricultural_Research_and_Development_Center
961 : https://en.wikipedia.org/wiki/Script_Ohio
962 : https://en.wikipedia.org/wiki/Utah
963 : https://en.wikipedia.org/wiki/University_of_Chicago
964 : https://en.wikipedia.org/wiki/Aeronautical/Astronautical_Research_Laboratory
965 : https://en.wikipedia.org/wiki/Ohio_State_University_College_of_Engineering
966 : https://en.wikipedia.org/wiki/Moritz_College_of_Law
967 : https://en.wikipedia.org/wiki/The_Ohio_State_University_College_of_Dentistry
968 : https://en.wikipedia.org/w/index.php?action=edit&section=7&title=Ohio_State_University
969 : https://en.wikipedia.org/wiki/The_Ohio_State_University_College_of_Medicine
970 : https://en.wikipedia.org/wiki/Chadwick_Arboretum
971 : https://en.wikipedia.org/w/index.php?action=edit&section=6&title=Ohio_State_University
972 : https://en.wikipedia.org/wiki/Large_Binocular_Telescope
973 : https://en.wikipedia.org/wiki/United_States_Department_of_Education
974 : https://en.wikipedia.org/wiki/Industrial_Design
975 : https://en.wikipedia.org/wiki/Stone_Laboratory
976 : https://en.wikipedia.org/w/index.php?action=edit&section=5&title=Ohio_State_University
977 : https://en.wikipedia.org/wiki/Mershon_Center_for_International_Security_Studies
978 : https://en.wikipedia.org/wiki/Carnegie_Foundation_for_the_Advancement_of_Teaching
979 : https://en.wikipedia.org/wiki/Political_science
980 : https://en.wikipedia.org/wiki/Public_Ivy
981 : https://en.wikipedia.org/wiki/United_States_National_Research_Council
982 : https://en.wikipedia.org/wiki/National_Science_Foundation
983 : https://en.wikipedia.org/wiki/Washington_Monthly
984 : https://en.wikipedia.org/wiki/United_States_dollar
985 : https://en.wikipedia.org/wiki/Alexander_Wendt
986 : https://en.wikipedia.org/wiki/NCI-designated_Cancer_Center
987 : https://en.wikipedia.org/wiki/Department_of_Homeland_Security
988 : https://en.wikipedia.org/wiki/The_Richard_M._Ross_Heart_Hospital
989 : https://en.wikipedia.org/wiki/The_Wall_Street_Journal
990 : https://en.wikipedia.org/wiki/Academic_Ranking_of_World_Universities
991 : https://en.wikipedia.org/wiki/James_Cancer_Hospital
992 : https://en.wikipedia.org/wiki/History
993 : https://en.wikipedia.org/wiki/OSU_College_of_Medicine_and_Public_Health
994 : https://en.wikipedia.org/wiki/National_Cancer_Institute
995 : https://en.wikipedia.org/w/index.php?action=edit&section=3&title=Ohio_State_University
996 : https://en.wikipedia.org/wiki/QS_World_University_Rankings
997 : https://en.wikipedia.org/wiki/Nude_on_a_black_armchair
998 : https://en.wikipedia.org/wiki/Knowlton_Hall
999 : https://en.wikipedia.org/wiki/Mirror_Lake_(Ohio)
1000 : https://en.wikipedia.org/wiki/Wexner_Center_for_the_Arts
1001 : https://en.wikipedia.org/wiki/Architecture
1002 : https://en.wikipedia.org/wiki/Greek_theatre
1003 : https://en.wikipedia.org/wiki/Hilandar_Research_Library
1004 : https://en.wikipedia.org/wiki/Max_M._Fisher_College_of_Business
1005 : https://en.wikipedia.org/wiki/Times_Higher_Education_World_University_Rankings
1006 : https://en.wikipedia.org/wiki/Cartoon_Research_Library
1007 : https://en.wikipedia.org/wiki/Deconstructivism
1008 : https://en.wikipedia.org/wiki/Arizona_State_University
1009 : https://en.wikipedia.org/wiki/Leslie_Wexner
1010 : https://en.wikipedia.org/wiki/Slavic_languages
1011 : https://en.wikipedia.org/w/index.php?action=edit&section=4&title=Ohio_State_University
1012 : https://en.wikipedia.org/wiki/Picasso
1013 : https://en.wikipedia.org/wiki/Byrd_Polar_Research_Center
1014 : https://en.wikipedia.org/wiki/John_Glenn
1015 : https://en.wikipedia.org/wiki/College_and_university_rankings
1016 : https://en.wikipedia.org/wiki/University,_Hayes_and_Orton_Halls
1017 : https://en.wikipedia.org/wiki/Peter_Eisenman
1018 : https://en.wikipedia.org/wiki/Wikipedia:Citation_needed
1019 : https://en.wikipedia.org/wiki/Ohio_Stadium
1020 : https://en.wikipedia.org/wiki/Georgian_architecture
1021 : https://en.wikipedia.org/wiki/William_Oxley_Thompson_Memorial_Library
1022 : https://en.wikipedia.org/wiki/Richard_E._Byrd
1023 : https://en.wikipedia.org/w/index.php?action=edit&section=2&title=Ohio_State_University
1024 : https://en.wikipedia.org/wiki/Medieval
1025 : https://en.wikipedia.org/wiki/Midwestern_Intercollegiate_Volleyball_Association
1026 : https://en.wikipedia.org/wiki/National_Register_of_Historic_Places
1027 : https://en.wikipedia.org/wiki/Stalwart_(politics)
1028 : https://en.wikipedia.org/wiki/Western_Collegiate_Hockey_Association
1029 : https://en.wikipedia.org/wiki/Miami_University
1030 : https://en.wikipedia.org/wiki/Northwest_Ordinance
1031 : https://en.wikipedia.org/wiki/Ohio_State_University_Agricultural_Technical_Institute
1032 : https://en.wikipedia.org/wiki/Ohio_State_University,_Mansfield_Campus
1033 : https://en.wikipedia.org/wiki/Research_library
1034 : https://en.wikipedia.org/w/index.php?action=edit&section=1&title=Ohio_State_University
1035 : https://en.wikipedia.org/wiki/Ohio_State_University,_Marion_Campus
1036 : https://en.wikipedia.org/wiki/History_of_The_Ohio_State_University
1037 : https://en.wikipedia.org/wiki/Central_Park
1038 : https://en.wikipedia.org/wiki/Football_Bowl_Subdivision
1039 : https://en.wikipedia.org/wiki/Ohio_State_University,_Newark_Campus
1040 : https://en.wikipedia.org/wiki/Gothic_revival
1041 : https://en.wikipedia.org/wiki/Republican_Party_(U.S.)
1042 : https://en.wikipedia.org/wiki/The_Lantern
1043 : https://en.wikipedia.org/wiki/Scarlet_(color)
1044 : https://en.wikipedia.org/wiki/School_colors
1045 : https://en.wikipedia.org/wiki/Fraternities_and_sororities_in_North_America
1046 : https://en.wikipedia.org/wiki/University_of_California,_Irvine
1047 : https://en.wikipedia.org/wiki/Gray
1048 : https://en.wikipedia.org/wiki/Urban_area
1049 : https://en.wikipedia.org/wiki/Undergraduate_education
1050 : https://en.wikipedia.org/wiki/National_Collegiate_Athletic_Association
1051 : https://en.wikipedia.org/wiki/Space-grant_university
1052 : https://en.wikipedia.org/wiki/Land-grant_university
1053 : https://en.wikipedia.org/wiki/Sea_grant_colleges
1054 : https://en.wikipedia.org/wiki/Ohio_State_University_(disambiguation)
1055 : https://en.wikipedia.org/wiki/University_System_of_Ohio
1056 : https://en.wikipedia.org/wiki/Postgraduate_education
1057 : https://en.wikipedia.org/wiki/University_president
1058 : https://en.wikipedia.org/wiki/La_Diva_(group)
1059 : https://en.wikipedia.org/wiki/Ohio
1060 : https://en.wikipedia.org/wiki/Financial_endowment
1061 : https://en.wikipedia.org/wiki/Michael_V._Drake
1062 : https://en.wikipedia.org/wiki/Columbus,_Ohio
1063 : https://en.wikipedia.org/w/index.php?action=edit&title=Ohio_State_University
1064 : https://en.wikipedia.org/wiki/Public_university
1065 : https://en.wikipedia.org/wiki/Ohio_University
1066 : https://en.wikipedia.org/wiki/Latin